Year,Tm,Attendance,Attend/G,BatAge,PAge,BPF,PPF,#HOF,#A-S,#a-tA-S,Est. Payroll,Time,Managers
2004,ARI,"2,519,560","31,106",28.9,29.3,105,106,2,1,10,"$69,780,750 ",2:46,Brenly마ndPedrique
2004,ATL,"2,327,565","28,735",28.9,30.1,101,99,2,1,11,"$90,182,500 ",2:50,Cox
2004,BAL,"2,744,018","33,877",30.5,27.4,98,98,0,1,8,"$51,623,333 ",3:00,Mazzilli
2004,BOS,"2,837,294","35,028",30.4,32.5,106,104,1,3,15,"$127,298,500 ",2:59,Francona
2004,CHC,"3,170,154","38,660",30.1,29.1,102,102,1,3,14,"$90,560,000 ",2:49,Baker
2004,CHW,"1,930,537","23,834",28.6,28.2,102,101,2,1,15,"$65,212,500 ",2:41,Guillen
2004,CIN,"2,287,250","28,238",28.4,28.5,97,98,2,4,7,"$46,915,250 ",2:53,Miley
2004,CLE,"1,814,401","22,400",28.6,27.3,94,94,0,5,12,"$34,319,300 ",2:55,Wedge
2004,COL,"2,338,069","28,865",30.4,28.8,113,114,1,1,13,"$65,445,167 ",2:51,Hurdle
2004,DET,"1,917,004","23,667",28.1,27.5,94,96,1,2,10,"$46,832,000 ",2:46,Trammell
2004,HOU,"3,087,872","38,122",31.7,29.6,101,100,2,4,11,"$75,397,000 ",2:52,Williams마ndGarner
2004,KCR,"1,661,478","20,768",29,27.4,101,103,0,1,10,"$47,609,000 ",2:47,Pena
2004,LAA,"3,375,677","41,675",28.9,29,97,96,1,2,15,"$100,534,667 ",2:52,Scioscia
2004,LAD,"3,488,283","43,065",28.9,29.5,95,95,0,2,16,"$92,902,001 ",2:51,Tracy
2004,MIA,"1,723,105","21,539",28.8,27.8,95,95,0,4,14,"$42,143,042 ",2:45,McKeon
2004,MIL,"2,062,382","25,462",28.5,27.2,100,101,0,2,7,"$27,528,500 ",2:55,Yost
2004,MIN,"1,911,490","23,599",27.8,28.2,102,102,0,1,13,"$53,890,000 ",2:48,Gardenhire
2004,NYM,"2,318,951","28,629",29.8,32.5,98,99,2,2,14,"$102,035,970 ",2:59,Howe
2004,NYY,"3,775,292","46,609",32.2,32.9,98,97,3,8,21,"$184,193,950 ",2:59,Torre
2004,OAK,"2,201,516","27,179",29.6,28.4,99,98,0,2,10,"$59,425,667 ",2:54,Macha
2004,PHI,"3,250,092","40,125",29.3,29.8,105,104,1,2,15,"$93,219,167 ",2:59,Bowa마ndVarsho
2004,PIT,"1,580,031","19,750",27.2,27.7,99,99,0,1,9,"$32,227,929 ",2:48,McClendon
2004,SDP,"3,016,752","37,244",29.6,30,90,90,1,1,13,"$55,384,833 ",2:46,Bochy
2004,SEA,"2,940,731","35,863",31.6,30.4,97,97,1,1,19,"$81,515,834 ",2:55,Melvin
2004,SFG,"3,256,854","39,718",31.6,30.1,101,101,0,2,8,"$82,019,166 ",2:55,Alou
2004,STL,"3,048,427","37,635",30.6,30.1,99,98,1,3,15,"$84,340,333 ",2:52,La Russa
2004,TBD,"1,274,911","15,936",28.1,27.5,96,97,0,1,8,"$29,856,667 ",2:46,Piniella
2004,TEX,"2,513,685","31,033",27.7,30.6,108,108,0,5,14,"$55,050,417 ",2:51,Showalter
2004,TOR,"1,900,041","23,457",28,28.6,104,104,1,1,8,"$50,017,000 ",2:45,Tosca마ndGibbons
2004,WSN,"749,550","9,369",27.5,26.5,104,105,0,1,5,"$41,197,500 ",2:51,Robinson
2005,ARI,"2,059,424","25,425",30.3,27.4,103,104,0,1,10,"$62,629,166 ",2:56,Melvin
2005,ATL,"2,521,167","31,126",28.1,28.6,101,100,2,2,13,"$86,457,302 ",2:46,Cox
2005,BAL,"2,624,740","32,404",31.5,28.3,99,99,0,4,9,"$73,914,333 ",2:53,Mazzilli마ndPerlozzo
2005,BOS,"2,847,888","35,159",31.3,33.6,104,104,0,5,17,"$123,505,125 ",3:01,Francona
2005,CHC,"3,099,992","38,272",29.7,28.2,104,104,1,2,13,"$87,032,933 ",2:45,Baker
2005,CHW,"2,342,833","28,924",29.3,29.3,103,103,1,4,13,"$75,178,000 ",2:49,Guillen
2005,CIN,"1,943,067","23,696",28.6,28.9,100,101,1,1,8,"$61,892,583 ",2:53,Miley마ndNarron
2005,CLE,"2,013,763","24,861",27.5,29.2,96,96,0,1,14,"$41,502,500 ",2:51,Wedge
2005,COL,"1,914,389","23,634",27.2,27.3,112,113,0,1,8,"$47,839,000 ",2:48,Hurdle
2005,DET,"2,024,431","24,993",28.5,28,97,97,1,1,15,"$69,092,000 ",2:44,Trammell
2005,HOU,"2,804,760","34,627",30.3,30.3,101,100,2,4,10,"$76,779,000 ",2:43,Garner
2005,KCR,"1,371,181","16,928",28.1,25.7,99,101,0,1,6,"$36,881,000 ",2:48,"Pena,Schaefer마ndBell"
2005,LAA,"3,404,686","42,033",29.8,28.5,98,97,1,3,12,"$94,867,822 ",2:50,Scioscia
2005,LAD,"3,603,646","44,489",28.7,28.5,98,97,0,2,14,"$83,039,000 ",2:50,Tracy
2005,MIA,"1,852,608","22,872",29.7,29.5,94,94,0,4,16,"$60,408,834 ",2:49,McKeon
2005,MIL,"2,211,023","27,297",28.4,28,100,101,0,1,14,"$39,934,833 ",2:53,Yost
2005,MIN,"2,034,243","25,114",27.6,27.9,102,102,0,2,13,"$56,186,000 ",2:43,Gardenhire
2005,NYM,"2,829,929","34,937",28.8,31.9,97,97,3,3,13,"$101,305,821 ",2:50,Randolph
2005,NYY,"4,090,696","50,502",32.3,34.2,98,97,4,3,23,"$208,306,817 ",3:02,Torre
2005,OAK,"2,109,118","26,038",28.6,26.6,100,100,0,1,7,"$55,425,762 ",2:45,Macha
2005,PHI,"2,665,304","32,905",30,29.7,105,104,1,3,16,"$95,522,000 ",2:51,Manuel
2005,PIT,"1,817,245","22,435",27.4,28.7,99,99,0,1,13,"$38,133,000 ",2:46,McClendon마ndMackanin
2005,SDP,"2,869,787","35,429",31.1,31,91,91,1,1,12,"$63,290,833 ",2:47,Bochy
2005,SEA,"2,725,459","33,648",28.7,31.4,95,96,0,1,21,"$87,754,334 ",2:47,Hargrove
2005,SFG,"3,181,023","39,272",32.2,30,101,101,0,1,11,"$90,199,500 ",2:46,Alou
2005,STL,"3,538,988","43,691",30.8,29.7,101,100,1,6,14,"$92,106,833 ",2:48,La Russa
2005,TBD,"1,141,669","14,095",27.5,27.4,98,100,0,1,6,"$29,679,067 ",2:48,Piniella
2005,TEX,"2,525,221","31,176",27.9,30.5,106,105,0,4,17,"$55,849,000 ",2:52,Showalter
2005,TOR,"2,014,995","24,876",28,28.2,102,102,1,2,8,"$45,719,500 ",2:46,Gibbons
2005,WSN,"2,731,993","33,728",29.3,28.9,95,96,0,2,14,"$48,581,500 ",2:55,Robinson
2006,ARI,"2,091,685","25,823",29.7,28.8,105,105,0,1,14,"$59,984,226 ",2:52,Melvin
2006,ATL,"2,550,524","31,488",27.5,29.4,100,99,2,3,12,"$90,156,876 ",2:50,Cox
2006,BAL,"2,153,139","26,582",30.4,27.9,99,99,0,1,9,"$72,585,582 ",2:53,Perlozzo
2006,BOS,"2,930,588","36,180",30.5,31.1,105,104,0,4,18,"$120,099,824 ",3:08,Francona
2006,CHC,"3,123,215","38,558",28.6,28,103,103,1,1,13,"$94,424,499 ",2:50,Baker
2006,CHW,"2,957,414","36,511",29.8,27.9,104,104,1,7,16,"$102,750,667 ",2:49,Guillen
2006,CIN,"2,134,607","26,353",29.6,29.5,104,104,1,1,13,"$60,909,519 ",2:50,Narron
2006,CLE,"1,997,995","24,667",27.7,28.6,99,98,0,1,14,"$56,031,500 ",2:54,Wedge
2006,COL,"2,104,362","25,980",27.8,28.8,109,109,0,2,10,"$41,233,000 ",2:51,Hurdle
2006,DET,"2,595,937","32,049",29.3,28.8,100,99,1,3,15,"$82,612,866 ",2:46,Leyland
2006,HOU,"3,022,763","37,318",30.5,29.8,100,99,1,2,9,"$100,894,435 ",2:54,Garner
2006,KCR,"1,372,638","16,946",29.7,27.7,101,103,0,1,9,"$47,694,000 ",2:56,Bell
2006,LAA,"3,406,790","42,059",28.8,27.9,100,99,1,1,15,"$103,472,000 ",2:48,Scioscia
2006,LAD,"3,758,545","46,402",29.9,30.4,101,100,1,2,23,"$98,447,187 ",2:53,Little
2006,MIA,"1,164,134","14,372",25.5,25.9,95,96,0,2,6,"$14,671,500 ",2:51,Girardi
2006,MIL,"2,335,643","28,835",28.8,28.3,101,101,0,3,13,"$57,970,333 ",2:52,Yost
2006,MIN,"2,285,018","28,210",28.3,26.9,98,98,0,3,17,"$63,396,006 ",2:46,Gardenhire
2006,NYM,"3,379,535","41,723",30.2,32.2,98,97,2,6,15,"$101,584,963 ",2:54,Randolph
2006,NYY,"4,248,067","52,445",30.9,32.5,101,99,4,4,15,"$194,663,079 ",3:08,Torre
2006,OAK,"1,976,625","24,403",29.7,27,97,97,1,1,10,"$64,843,079 ",2:47,Macha
2006,PHI,"2,701,815","33,356",29.3,30.5,105,104,0,3,18,"$88,273,333 ",2:56,Manuel
2006,PIT,"1,861,549","22,982",27.8,27,98,99,0,2,13,"$46,717,750 ",2:48,Tracy
2006,SDP,"2,659,757","32,837",30.7,30.6,91,90,2,1,14,"$69,896,141 ",2:50,Bochy
2006,SEA,"2,481,165","30,632",28.7,28,97,97,0,2,16,"$87,959,833 ",2:47,Hargrove
2006,SFG,"3,130,313","38,646",33.7,28.7,100,100,0,1,14,"$90,056,419 ",2:46,Alou
2006,STL,"3,407,104","42,589",29.6,28.6,99,99,0,4,12,"$88,891,371 ",2:51,La Russa
2006,TBD,"1,368,950","16,901",27.3,27,99,100,0,1,7,"$34,917,967 ",2:48,Maddon
2006,TEX,"2,388,757","29,491",28.4,28.3,101,101,0,2,15,"$68,228,662 ",2:49,Showalter
2006,TOR,"2,302,212","28,422",28.6,28.1,100,100,1,5,11,"$71,365,000 ",2:52,Gibbons
2006,WSN,"2,153,056","26,581",28.5,28.9,94,95,0,1,10,"$63,143,000 ",2:57,Robin
2007,ARI,"2,325,249","28,707",26.6,28.2,107,107,1,3,13,"$52,067,546 ",2:53,Melvin
2007,ATL,"2,745,207","33,891",27.7,29.4,98,98,2,2,12,"$87,290,833 ",2:53,Cox
2007,BAL,"2,164,822","26,726",30.4,29,101,102,0,1,9,"$93,174,808 ",2:59,Perlozzo마ndTrembley
2007,BOS,"2,970,755","36,676",30.1,31.1,106,105,0,6,19,"$143,026,214 ",3:09,Francona
2007,CHC,"3,252,462","40,154",29.3,28.4,105,104,0,2,14,"$101,670,332 ",2:50,Piniella
2007,CHW,"2,684,395","33,141",29.8,27.7,104,104,1,1,14,"$108,671,833 ",2:53,Guillen
2007,CIN,"2,058,593","25,415",29.7,29.1,104,104,1,1,12,"$68,524,980 ",2:52,Narron마ndMackanin
2007,CLE,"2,275,912","28,449",28,29.4,101,100,0,3,13,"$61,673,267 ",3:02,Wedge
2007,COL,"2,376,250","28,979",27.9,28.1,107,108,0,2,10,"$54,041,000 ",2:56,Hurdle
2007,DET,"3,047,133","37,619",30.9,28.5,102,101,1,5,17,"$95,180,369 ",3:00,Leyland
2007,HOU,"3,020,405","37,289",31.4,30.2,100,100,1,2,11,"$87,759,000 ",2:55,Garner마ndCooper
2007,KCR,"1,616,867","19,961",28,27.1,100,101,0,1,10,"$67,691,500 ",2:57,Bell
2007,LAA,"3,365,632","41,551",28.6,28.4,101,100,1,3,14,"$109,251,333 ",2:51,Scioscia
2007,LAD,"3,857,036","47,618",29.7,31.1,101,100,0,3,20,"$108,454,524 ",2:54,Little
2007,MIA,"1,370,511","16,920",26.7,26.2,97,98,0,1,8,"$30,507,000 ",2:56,Gonzalez
2007,MIL,"2,869,144","35,422",27.7,29.1,100,100,0,4,14,"$70,986,500 ",2:53,Yost
2007,MIN,"2,296,383","28,350",28.4,27.4,95,95,0,3,13,"$71,439,500 ",2:48,Gardenhire
2007,NYM,"3,853,955","47,580",30.7,31.3,98,97,2,4,19,"$116,181,663 ",2:57,Randolph
2007,NYY,"4,271,083","52,729",30.7,31.4,101,100,3,3,16,"$207,039,045 ",3:14,Torre
2007,OAK,"1,921,844","23,726",28.9,26.9,94,94,1,1,10,"$79,366,940 ",2:53,Geren
2007,PHI,"3,108,325","38,374",28.8,30.6,104,103,0,3,15,"$89,428,213 ",3:03,Manuel
2007,PIT,"1,749,142","21,594",27.2,27.1,97,98,0,1,11,"$38,537,833 ",2:47,Tracy
2007,SDP,"2,790,074","34,445",29.9,31.5,90,90,2,3,12,"$58,110,567 ",2:48,Black
2007,SEA,"2,672,223","32,588",29.9,28.1,96,97,0,2,10,"$106,460,833 ",2:49,Hargrove마ndMcLaren
2007,SFG,"3,223,215","39,793",32.7,27.3,101,101,0,1,14,"$90,219,056 ",2:50,Bochy
2007,STL,"3,552,180","43,854",30.2,29.6,99,99,0,1,13,"$90,286,823 ",2:54,La Russa
2007,TBD,"1,387,603","17,131",25.9,27,98,100,0,1,9,"$24,623,500 ",3:00,Maddon
2007,TEX,"2,353,862","29,060",29.4,27.7,101,101,0,1,13,"$68,643,675 ",2:59,Washington
2007,TOR,"2,360,644","29,144",30.5,27.3,100,99,2,1,10,"$81,942,800 ",2:52,Gibbons
2007,WSN,"1,943,812","23,998",27.9,27.5,94,95,0,1,9,"$36,947,500 ",2:55,Acta
2008,ARI,"2,509,924","30,987",26.7,29.4,107,107,1,2,11,"$66,202,712 ",2:52,Melvin
2008,ATL,"2,532,834","31,270",27.2,28.6,98,97,3,2,12,"$102,365,683 ",2:52,Cox
2008,BAL,"1,950,075","24,376",30.1,27.9,101,102,0,1,9,"$67,196,246 ",2:58,Trembley
2008,BOS,"3,048,250","37,633",29.8,29.2,107,106,0,7,21,"$133,390,035 ",3:06,Francona
2008,CHC,"3,300,200","40,743",30.1,28.9,107,106,0,8,14,"$120,345,833 ",2:55,Piniella
2008,CHW,"2,500,648","30,496",30.6,28.3,104,105,2,2,16,"$121,189,332 ",2:51,Guillen
2008,CIN,"2,058,632","25,415",28.6,28.7,102,102,1,1,10,"$74,167,695 ",2:55,Baker
2008,CLE,"2,169,760","26,787",27.6,28.6,98,97,0,2,12,"$78,970,066 ",3:01,Wedge
2008,COL,"2,650,218","32,719",27.5,28.5,109,109,0,2,12,"$68,655,500 ",2:54,Hurdle
2008,DET,"3,202,645","39,539",30.3,29.9,102,102,1,1,17,"$138,785,196 ",3:00,Leyland
2008,HOU,"2,779,487","34,744",31.1,30.9,97,98,0,2,13,"$87,946,807 ",2:52,Cooper
2008,KCR,"1,578,922","19,493",28,27.6,98,99,0,1,8,"$59,445,500 ",2:54,Hillman
2008,LAA,"3,336,747","41,194",29,27.6,102,102,1,3,16,"$119,216,333 ",2:47,Scioscia
2008,LAD,"3,730,553","46,056",28.5,29.5,98,97,1,1,18,"$118,588,536 ",2:57,Torre
2008,MIA,"1,335,076","16,482",28,26.6,101,101,0,2,8,"$21,811,500 ",2:56,Gonzalez
2008,MIL,"3,068,458","37,882",28.7,29.9,98,98,0,3,14,"$80,937,499 ",2:55,Yost마ndSveum
2008,MIN,"2,302,431","28,425",26.2,27.5,96,96,0,3,11,"$56,932,766 ",2:53,Gardenhire
2008,NYM,"4,042,045","49,902",30.1,29,98,98,1,2,11,"$137,793,376 ",3:02,Randolph마ndManuel
2008,NYY,"4,298,655","53,070",31.4,30.6,103,101,4,3,19,"$212,286,789 ",3:05,Girardi
2008,OAK,"1,665,256","20,559",27.2,26.5,94,94,1,1,8,"$47,967,126 ",2:48,Geren
2008,PHI,"3,422,583","42,254",30.1,30.6,102,101,0,2,12,"$97,879,880 ",2:55,Manuel
2008,PIT,"1,609,076","19,865",28.4,26.5,96,97,0,1,10,"$48,689,783 ",2:54,Russell
2008,SDP,"2,427,535","29,970",28.9,30.2,87,88,2,1,11,"$73,677,616 ",2:52,Black
2008,SEA,"2,329,702","28,762",29.7,28.5,96,97,0,1,11,"$117,666,482 ",2:47,McLaren마ndRiggleman
2008,SFG,"2,863,837","35,356",29.6,27.1,102,102,0,2,12,"$76,594,500 ",2:53,Bochy
2008,STL,"3,432,917","42,382",28.8,30.2,98,98,0,2,12,"$99,624,449 ",2:54,La Russa
2008,TBR,"1,811,986","22,370",27,27.5,101,101,0,3,13,"$44,970,597 ",3:02,Maddon
2008,TEX,"1,945,677","24,021",27.7,28.1,101,102,0,4,13,"$68,037,326 ",3:02,Washington
2008,TOR,"2,399,786","29,627",31,28.6,97,97,2,1,13,"$97,793,900 ",2:51,Gibbons마ndGaston
2008,WSN,"2,320,400","29,005",27.7,27.3,98,100,0,1,13,"$54,961,000 ",2:50,Acta
2009,ARI,"2,128,765","26,281",26.5,27.7,105,106,0,2,10,"$75,920,666 ",2:56,Melvin마ndHinch
2009,ATL,"2,373,631","29,304",28.8,28.9,99,98,1,1,11,"$99,593,166 ",2:54,Cox
2009,BAL,"1,907,163","23,545",28.7,28.1,101,102,0,1,14,"$69,904,166 ",2:52,Trembley
2009,BOS,"3,062,699","37,811",30,29.8,105,104,1,6,23,"$125,439,499 ",3:06,Francona
2009,CHC,"3,168,859","39,611",29.9,28.4,107,106,0,1,11,"$139,652,000 ",2:52,Piniella
2009,CHW,"2,284,163","28,200",29.8,29.5,105,105,1,1,16,"$101,081,000 ",2:46,Guillen
2009,CIN,"1,747,919","21,579",27.8,29,100,100,0,1,12,"$78,979,000 ",2:58,Baker
2009,CLE,"1,766,242","21,805",27.4,27.8,95,95,0,1,12,"$85,224,866 ",3:01,Wedge
2009,COL,"2,665,080","32,902",27.8,28.5,112,112,0,2,12,"$79,250,200 ",2:57,Hurdle마ndTracy
2009,DET,"2,567,165","31,693",29.8,26.6,101,101,0,4,11,"$119,510,145 ",2:50,Leyland
2009,HOU,"2,521,076","31,124",31.6,31.2,98,98,1,2,12,"$105,804,414 ",2:51,Cooper마ndClark
2009,KCR,"1,797,891","22,196",27.6,28.7,97,99,0,1,6,"$76,817,333 ",2:54,Hillman
2009,LAA,"3,240,386","40,005",29.6,28.6,99,98,1,3,14,"$118,169,000 ",2:56,Scioscia
2009,LAD,"3,761,655","46,440",29.7,27.8,95,95,1,3,19,"$102,117,592 ",3:08,Torre
2009,MIA,"1,464,109","18,075",27,26.3,102,102,0,2,6,"$40,029,000 ",3:00,Gonzalez
2009,MIL,"3,037,451","37,499",29.3,30,98,98,1,3,11,"$81,384,502 ",3:00,Macha
2009,MIN,"2,416,237","29,466",27.6,27.9,98,98,0,3,11,"$67,804,266 ",2:56,Gardenhire
2009,NYM,"3,168,571","39,118",29.5,29.2,97,97,0,4,13,"$151,994,237 ",2:55,Manuel
2009,NYY,"3,719,358","45,918",30.6,29.3,105,103,2,3,17,"$210,330,039 ",3:11,Girardi
2009,OAK,"1,408,783","17,392",29.1,25.7,98,98,0,1,7,"$65,945,000 ",2:50,Geren
2009,PHI,"3,600,693","44,453",31.3,31.2,101,100,1,5,14,"$115,479,046 ",2:56,Manuel
2009,PIT,"1,577,853","19,480",27,26.3,98,99,0,2,10,"$51,912,500 ",2:49,Russell
2009,SDP,"1,919,603","23,699",28,26.8,90,90,0,2,10,"$50,954,200 ",2:55,Black
2009,SEA,"2,195,533","27,105",29.9,27.4,94,95,1,2,9,"$100,134,166 ",2:46,Wakamatsu
2009,SFG,"2,862,110","35,335",29,28.7,102,101,1,2,15,"$91,944,450 ",2:49,Bochy
2009,STL,"3,343,252","41,275",28.5,30.1,98,97,1,3,11,"$90,928,409 ",2:48,La Russa
2009,TBR,"1,874,962","23,148",27.8,28.4,98,97,0,5,14,"$67,270,334 ",3:01,Maddon
2009,TEX,"2,156,016","26,617",27.8,27.7,104,104,1,3,19,"$79,723,548 ",2:51,Washington
2009,TOR,"1,876,129","23,162",29.9,28.4,100,99,1,2,12,"$83,964,500 ",2:56,Gaston
2009,WSN,"1,817,226","22,435",28.3,27.4,99,101,0,1,11,"$64,384,000 ",2:55,Acta마ndRiggleman
2010,ARI,"2,056,697","25,391",26.8,27.9,105,105,0,1,8,"$61,368,166 ",2:58,Hinch마ndGibson
2010,ATL,"2,510,119","30,989",28.6,30.1,98,97,1,6,19,"$84,423,666 ",2:56,Cox
2010,BAL,"1,733,019","21,395",28.6,28.4,99,100,0,1,14,"$81,612,500 ",2:53,"Trembley,Samuel마ndShowalter"
2010,BOS,"3,046,445","37,610",30.9,29.6,106,105,0,6,20,"$164,507,333 ",3:10,Francona
2010,CHC,"3,062,973","37,814",29.4,28.2,104,105,0,1,12,"$146,609,002 ",2:50,Piniella마ndQuade
2010,CHW,"2,194,378","27,091",30.7,29,103,103,0,2,16,"$107,195,000 ",2:47,Guillen
2010,CIN,"2,060,550","25,439",29,28.2,102,101,0,4,14,"$75,321,542 ",2:56,Baker
2010,CLE,"1,391,644","17,181",27.2,26.6,94,95,0,1,12,"$61,203,966 ",2:54,Acta
2010,COL,"2,875,245","35,497",28.8,28.1,115,115,0,2,10,"$90,677,000 ",3:00,Tracy
2010,DET,"2,461,237","30,386",29,26.5,102,101,0,3,11,"$124,039,928 ",2:54,Leyland
2010,HOU,"2,331,490","28,784",29.5,29.6,97,98,0,1,8,"$93,216,000 ",2:49,Mills
2010,KCR,"1,615,327","19,942",28.9,27.5,99,101,0,1,8,"$73,105,210 ",2:51,Hillman마ndYost
2010,LAA,"3,250,814","40,134",29.7,28.3,96,96,0,2,15,"$104,963,866 ",2:54,Scioscia
2010,LAD,"3,562,320","43,979",30.3,28.1,96,96,0,4,18,"$95,358,016 ",3:01,Torre
2010,MIA,"1,524,894","18,826",26.9,27.1,103,103,0,2,6,"$57,454,719 ",2:55,Gonzalez마ndRodriguez
2010,MIL,"2,776,531","34,278",27.8,29.2,100,100,1,3,16,"$81,108,278 ",3:03,Macha
2010,MIN,"3,223,640","39,798",28.4,28.6,98,98,1,2,14,"$97,559,166 ",2:51,Gardenhire
2010,NYM,"2,559,738","31,602",28.4,29.5,97,97,0,2,10,"$134,422,942 ",2:57,Manuel
2010,NYY,"3,765,807","46,491",30.3,30.3,106,104,2,8,21,"$210,733,389 ",3:09,Girardi
2010,OAK,"1,418,391","17,511",27.8,26,99,99,0,2,8,"$57,904,900 ",2:44,Geren
2010,PHI,"3,777,322","44,968",31.8,31.1,102,101,1,3,18,"$141,928,379 ",2:54,Manuel
2010,PIT,"1,613,399","19,919",26.5,28.6,98,100,0,1,9,"$37,443,000 ",2:52,Russell
2010,SDP,"2,131,774","26,318",29.1,27.2,91,91,0,2,10,"$37,799,300 ",2:56,Black
2010,SEA,"2,085,630","25,749",29.6,27.1,93,95,1,1,14,"$86,510,000 ",2:43,Wakamatsu마ndBrown
2010,SFG,"3,037,443","37,499",29.6,27.9,97,97,0,2,11,"$98,641,333 ",2:52,Bochy
2010,STL,"3,301,218","40,756",28.8,30.2,97,96,0,5,14,"$93,540,751 ",2:52,La Russa
2010,TBR,"1,864,999","23,025",27.5,28,95,94,0,4,14,"$71,923,471 ",3:02,Maddon
2010,TEX,"2,505,171","30,928",28.3,27.6,109,108,1,6,16,"$56,474,374 ",2:57,Washington
2010,TOR,"1,495,482","19,173",29.3,28,102,101,0,3,8,"$62,734,000 ",2:48,Gaston
2010,WSN,"1,828,066","22,569",29.1,28,99,100,1,1,12,"$67,701,000 ",2:57,Riggleman
2011,ARI,"2,105,432","25,993",28.2,27.4,103,103,0,2,12,"$54,823,166 ",2:53,Gibson
2011,ATL,"2,372,940","29,296",28.9,28.4,101,100,1,5,18,"$93,855,132 ",2:56,Gonzalez
2011,BAL,"1,755,461","21,672",28.3,28.2,102,103,1,1,15,"$88,299,038 ",2:54,Showalter
2011,BOS,"3,054,001","37,704",30.1,30.3,105,105,0,6,21,"$166,662,475 ",3:13,Francona
2011,CHC,"3,017,966","37,259",29.3,29.4,101,102,0,1,14,"$136,547,329 ",2:58,Quade
2011,CHW,"2,001,117","24,705",30,28.5,106,106,0,2,14,"$127,789,000 ",2:49,Guillen마ndCooper
2011,CIN,"2,213,588","27,328",28.6,27.7,104,103,0,4,17,"$77,297,134 ",3:03,Baker
2011,CLE,"1,840,835","22,726",27.8,26.7,94,96,1,2,13,"$49,426,566 ",2:56,Acta
2011,COL,"2,909,777","35,923",28.6,27.7,119,119,0,1,13,"$91,648,071 ",3:03,Tracy
2011,DET,"2,642,045","32,618",28.6,27.8,102,101,0,5,11,"$106,875,231 ",3:00,Leyland
2011,HOU,"2,067,016","25,519",28.2,27.2,98,99,0,1,7,"$71,110,500 ",2:56,Mills
2011,KCR,"1,724,450","21,290",25.8,26.4,99,100,0,1,13,"$35,712,000 ",2:54,Yost
2011,LAA,"3,166,321","39,090",28.9,28.4,92,92,0,3,13,"$138,543,166 ",2:53,Scioscia
2011,LAD,"2,935,139","36,236",29.8,28.6,96,96,0,3,14,"$103,785,477 ",3:02,Mattingly
2011,MIA,"1,520,562","18,772",27.4,28,101,102,0,1,11,"$57,694,000 ",2:58,"Rodriguez,Hyde마ndMcKeon"
2011,MIL,"3,071,373","37,918",28.9,29.3,103,103,0,3,14,"$86,636,333 ",2:56,Roenicke
2011,MIN,"3,168,116","39,113",27.5,28.5,99,99,1,1,10,"$112,737,000 ",2:50,Gardenhire
2011,NYM,"2,352,596","29,044",28,30,96,96,0,2,11,"$151,897,309 ",2:59,Collins
2011,NYY,"3,653,680","45,107",30.6,31,106,105,2,8,20,"$206,275,028 ",3:08,Girardi
2011,OAK,"1,476,791","18,232",29.1,27.4,98,98,0,1,8,"$67,094,000 ",2:53,Geren마ndMelvin
2011,PHI,"3,680,718","45,441",31.4,29.2,101,100,1,5,17,"$172,976,379 ",2:52,Manuel
2011,PIT,"1,940,429","23,956",27.2,28.1,95,97,0,3,12,"$45,047,000 ",3:00,Hurdle
2011,SDP,"2,143,018","26,457",28,28.1,93,93,0,1,9,"$45,869,140 ",2:52,Black
2011,SEA,"1,896,321","23,411",29.3,26.8,90,92,0,3,12,"$86,110,600 ",2:46,Wedge
2011,SFG,"3,387,303","41,819",30.2,28.5,92,91,0,5,15,"$124,198,333 ",2:54,Bochy
2011,STL,"3,093,954","38,197",29.3,30.2,98,97,0,3,14,"$105,433,572 ",2:55,La Russa
2011,TBR,"1,529,188","18,879",28.2,27.8,93,92,0,3,10,"$41,053,571 ",2:58,Maddon
2011,TEX,"2,946,949","36,382",29.1,28.8,109,108,0,5,16,"$93,799,264 ",2:55,Washington
2011,TOR,"1,818,103","22,446",28.3,27.6,104,104,0,2,6,"$64,567,800 ",2:55,Farrell
2011,WSN,"1,940,478","24,256",28.4,27.6,100,100,1,1,10,"$68,492,928 ",2:57,"Riggleman,McLaren마ndJohnson"
2012,ARI,"2,177,617","26,884",28.3,27.4,103,103,0,1,13,"$67,069,833 ",2:58,Gibson
2012,ATL,"2,420,171","29,879",28.5,27.6,102,101,1,4,16,"$86,208,000 ",2:55,Gonzalez
2012,BAL,"2,102,240","25,954",28,27.6,102,103,1,3,16,"$77,949,000 ",3:00,Showalter
2012,BOS,"3,043,003","37,568",29.4,28.7,104,103,0,1,17,"$110,386,000 ",3:09,Valentine
2012,CHC,"2,882,756","35,590",27.8,27.9,101,103,0,2,11,"$86,159,366 ",2:58,Sveum
2012,CHW,"1,965,955","24,271",30,27.5,104,104,0,4,16,"$118,208,000 ",2:54,Ventura
2012,CIN,"2,347,251","28,978",28.8,27.1,104,104,0,3,14,"$80,309,500 ",3:00,Baker
2012,CLE,"1,603,596","19,797",27.8,27.6,94,95,0,2,13,"$78,911,300 ",2:58,Acta마ndㅁlomar
2012,COL,"2,630,458","32,475",28.1,28.2,117,117,0,1,13,"$75,485,000 ",3:06,Tracy
2012,DET,"3,028,033","37,383",27.9,28.2,105,104,0,3,10,"$131,394,000 ",2:59,Leyland
2012,HOU,"1,607,733","19,849",26.6,27.2,100,102,0,1,8,"$37,651,000 ",3:02,Mills마ndDeFrancesco
2012,KCR,"1,739,859","21,480",26.1,27.3,102,102,0,1,14,"$61,747,075 ",2:57,Yost
2012,LAA,"3,061,770","37,800",28.7,30.1,94,93,0,4,16,"$141,073,500 ",2:57,Scioscia
2012,LAD,"3,324,246","41,040",30.4,29,96,96,0,2,15,"$177,033,600 ",3:05,Mattingly
2012,MIA,"2,219,444","27,401",28.3,28.8,102,103,0,1,14,"$107,678,000 ",2:57,Guillen
2012,MIL,"2,831,385","34,955",29.2,29,105,104,0,1,16,"$95,717,000 ",3:08,Roenicke
2012,MIN,"2,776,354","34,276",28.9,27.8,98,100,0,1,9,"$99,066,000 ",2:59,Gardenhire
2012,NYM,"2,242,803","27,689",27.9,30.3,95,96,0,2,9,"$91,621,424 ",2:56,Collins
2012,NYY,"3,542,406","43,733",32.9,30.3,104,103,2,4,20,"$197,977,900 ",3:07,Girardi
2012,OAK,"1,679,013","20,729",27.7,27.9,95,95,0,1,13,"$61,202,500 ",3:02,Melvin
2012,PHI,"3,565,718","44,021",31.1,29.1,102,102,2,3,15,"$171,501,558 ",2:56,Manuel
2012,PIT,"2,091,918","25,826",27.6,30.2,95,95,0,2,15,"$70,077,000 ",3:01,Hurdle
2012,SDP,"2,123,721","26,219",27.4,28,91,91,0,1,12,"$55,494,700 ",2:56,Black
2012,SEA,"1,721,920","21,258",27,27.9,92,93,0,1,12,"$78,235,600 ",2:56,Wedge
2012,SFG,"3,377,371","41,696",27.8,30,89,89,0,4,15,"$117,637,350 ",3:02,Bochy
2012,STL,"3,262,109","40,273",29.2,28.6,98,96,0,6,16,"$112,071,000 ",3:01,Matheny
2012,TBR,"1,559,681","19,255",29.7,28.1,95,94,0,2,12,"$63,368,700 ",3:06,Maddon
2012,TEX,"3,460,280","42,720",29.7,28.8,109,107,0,8,17,"$124,119,900 ",3:00,Washington
2012,TOR,"2,099,663","25,922",27.8,27.8,102,103,0,1,10,"$82,352,700 ",2:58,Farrell
2012,WSN,"2,370,794","29,269",27.2,27,101,101,0,4,14,"$92,386,000 ",3:03,Johnson
2013,ARI,"2,134,895","26,357",28.1,27.6,102,103,0,2,11,"$80,060,500 ",3:08,Gibson
2013,ATL,"2,548,679","31,465",26.8,27.2,101,100,0,3,12,"$95,618,750 ",2:59,Gonzalez
2013,BAL,"2,357,561","29,106",27.8,27.9,103,102,0,5,17,"$100,832,000 ",3:01,Showalter
2013,BOS,"2,833,333","34,979",29.6,30.2,103,103,0,3,20,"$175,395,500 ",3:15,Farrell
2013,CHC,"2,642,682","32,626",27.9,28.7,102,103,0,1,9,"$67,874,166 ",3:07,Sveum
2013,CHW,"1,768,413","21,832",29.2,27.1,104,105,0,2,11,"$81,401,900 ",3:02,Ventura
2013,CIN,"2,492,101","31,151",28.5,27.7,101,101,0,3,15,"$106,255,535 ",3:08,Baker
2013,CLE,"1,572,926","19,419",28.7,27.5,95,95,0,2,16,"$87,342,433 ",3:03,Francona
2013,COL,"2,793,828","34,492",27.7,28.3,118,119,0,3,12,"$73,768,000 ",3:05,Weiss
2013,DET,"3,083,397","38,067",30,28.4,104,104,0,6,12,"$154,407,000 ",3:06,Leyland
2013,HOU,"1,651,883","20,394",25.9,27.2,99,101,0,1,5,"$14,672,300 ",3:12,Porter
2013,KCR,"1,750,754","21,614",26.9,28.9,103,103,0,3,16,"$87,426,250 ",2:55,Yost
2013,LAA,"3,019,505","37,278",27.8,29.1,94,94,0,1,10,"$116,532,500 ",3:12,Scioscia
2013,LAD,"3,743,527","46,216",30.6,28.1,96,95,0,1,21,"$254,161,000 ",3:07,Mattingly
2013,MIA,"1,586,322","19,584",27.7,26,102,103,0,1,8,"$24,761,900 ",2:57,Redmond
2013,MIL,"2,531,105","31,248",27.9,28.8,103,103,0,2,12,"$86,945,000 ",3:03,Roenicke
2013,MIN,"2,477,644","30,588",28.3,28.3,101,102,0,2,7,"$63,042,500 ",3:06,Gardenhire
2013,NYM,"2,135,657","26,366",28.3,29.1,94,95,0,2,7,"$69,425,860 ",3:08,Collins
2013,NYY,"3,279,589","40,489",31.9,31.8,100,100,2,2,17,"$246,534,750 ",3:05,Girardi
2013,OAK,"1,809,302","22,337",28.3,28.3,98,97,0,2,15,"$69,440,000 ",3:05,Melvin
2013,PHI,"3,012,403","37,190",30,28.7,100,100,1,2,10,"$150,860,000 ",2:59,Manuel마ndSandberg
2013,PIT,"2,256,862","27,862",27.9,28.7,95,95,0,5,19,"$99,230,000 ",3:06,Hurdle
2013,SDP,"2,166,691","26,749",28.1,28.8,91,91,0,1,11,"$65,988,600 ",3:00,Black
2013,SEA,"1,761,546","21,747",28.6,28,92,92,0,2,8,"$78,887,000 ",3:04,Wedge
2013,SFG,"3,369,106","41,087",28.7,29.6,93,92,0,4,12,"$139,845,667 ",3:05,Bochy
2013,STL,"3,369,769","41,602",28.7,26.9,101,100,0,6,15,"$112,583,000 ",3:01,Matheny
2013,TBR,"1,510,300","18,646",29.5,29,97,96,0,2,11,"$71,163,500 ",3:11,Maddon
2013,TEX,"3,178,273","38,759",29.6,27.9,103,103,0,3,16,"$139,261,200 ",3:04,Washington
2013,TOR,"2,536,562","31,316",29,30.9,102,103,0,4,12,"$124,517,800 ",2:55,Gibbons
2013,WSN,"2,652,422","32,746",27.7,27.7,103,101,0,2,14,"$112,493,250 ",2:57,Johnson
2014,ARI,"2,073,730","25,602",27.6,28,102,102,0,2,13,"$89,926,500 ",3:03,Gibson마ndTrammell
2014,ATL,"2,354,305","29,065",26.8,27.3,98,97,0,3,11,"$108,081,500 ",3:04,Gonzalez
2014,BAL,"2,464,473","30,426",28.3,27.7,103,103,0,3,16,"$109,097,500 ",3:07,Showalter
2014,BOS,"2,956,089","36,495",29.2,29.9,104,104,0,2,21,"$134,628,929 ",3:17,Farrell
2014,CHC,"2,652,113","32,742",26.8,28,102,103,0,3,7,"$59,800,500 ",3:12,Renteria
2014,CHW,"1,650,821","20,381",27.7,27.4,97,98,0,3,7,"$87,475,500 ",3:08,Ventura
2014,CIN,"2,476,664","30,576",29,28,100,100,0,5,11,"$102,230,000 ",3:03,Price
2014,CLE,"1,437,393","17,746",28.6,27.2,103,102,0,1,14,"$73,509,399 ",3:12,Francona
2014,COL,"2,680,329","33,090",27.4,28.5,116,116,0,2,9,"$95,403,500 ",3:12,Weiss
2014,DET,"2,917,209","36,015",29.8,28.5,101,101,0,4,17,"$169,135,500 ",3:14,Ausmus
2014,HOU,"1,751,829","21,628",25.4,27.9,100,101,0,1,6,"$44,736,800 ",3:10,Porter마ndLawless
2014,KCR,"1,956,482","24,154",28.2,28.9,104,103,0,3,16,"$89,804,075 ",3:02,Yost
2014,LAA,"3,095,935","38,221",29.3,28.4,95,94,0,2,13,"$128,667,000 ",3:15,Scioscia
2014,LAD,"3,782,337","46,696",29.3,29.9,96,95,0,4,21,"$233,386,026 ",3:14,Mattingly
2014,MIA,"1,732,283","21,386",27.4,26.4,100,101,0,2,12,"$42,365,400 ",3:05,Redmond
2014,MIL,"2,797,384","34,536",28.8,29,103,103,0,4,15,"$109,567,000 ",3:07,Roenicke
2014,MIN,"2,250,606","27,785",27.5,29.2,102,102,0,2,10,"$87,044,000 ",3:07,Gardenhire
2014,NYM,"2,148,808","26,528",28.4,28.9,94,94,0,1,9,"$82,663,615 ",3:08,Collins
2014,NYY,"3,401,624","41,995",32.8,29.3,100,100,1,3,19,"$258,118,959 ",3:12,Girardi
2014,OAK,"2,003,628","24,736",29.6,28.2,98,97,0,6,16,"$89,160,900 ",3:05,Melvin
2014,PHI,"2,423,852","29,924",30.8,30.1,101,102,0,1,12,"$176,444,967 ",3:09,Sandberg
2014,PIT,"2,442,564","30,155",27.3,28.1,99,98,0,3,14,"$80,729,000 ",3:09,Hurdle
2014,SDP,"2,195,373","27,103",27.9,28.8,92,92,0,2,6,"$76,662,100 ",3:01,Black
2014,SEA,"2,064,334","25,486",27.5,29,95,95,0,4,10,"$95,471,000 ",2:59,McClendon
2014,SFG,"3,368,697","41,589",28.6,31.7,95,94,0,3,16,"$163,510,167 ",3:05,Bochy
2014,STL,"3,540,649","43,712",28.6,27.2,100,99,0,4,15,"$129,932,500 ",3:03,Matheny
2014,TBR,"1,446,464","17,858",29.3,28.4,97,97,0,1,13,"$77,814,300 ",3:19,Maddon
2014,TEX,"2,718,733","33,565",28.4,27.9,104,104,0,2,15,"$129,801,239 ",3:06,Washington마ndBogar
2014,TOR,"2,375,525","29,327",29.2,29.6,100,99,0,3,14,"$136,466,200 ",3:01,Gibbons
2014,WSN,"2,579,389","31,844",28.8,28.3,104,102,0,2,15,"$137,235,080 ",3:05,Williams
2015,ARI,"2,080,145","25,681",26.6,27.1,105,105,0,2,8,"$64,434,000 ",3:10,Hale
2015,ATL,"2,001,392","24,709",28.8,26.6,97,98,0,1,13,"$104,037,500 ",2:55,Gonzalez
2015,BAL,"2,281,202","29,246",27.9,28.3,102,102,0,4,12,"$112,989,833 ",2:55,Showalter
2015,BOS,"2,880,694","35,564",28.3,28.6,107,107,0,1,19,"$183,931,900 ",3:06,Farrell
2015,CHC,"2,919,122","36,039",26.9,29.3,98,97,0,2,16,"$115,306,610 ",3:02,Maddon
2015,CHW,"1,755,810","21,677",28.2,27.8,96,97,0,1,10,"$112,889,700 ",3:00,Ventura
2015,CIN,"2,419,506","29,870",29.5,27.3,100,101,0,2,12,"$111,572,286 ",3:02,Price
2015,CLE,"1,388,905","17,361",28,27.3,107,107,0,1,13,"$59,163,766 ",3:00,Francona
2015,COL,"2,506,789","30,948",28,28.7,118,118,0,3,8,"$96,438,600 ",3:06,Weiss
2015,DET,"2,726,048","33,655",28.3,28.7,99,99,0,4,16,"$172,284,750 ",3:09,Ausmus
2015,HOU,"2,153,585","26,587",26.3,29.4,97,97,0,2,12,"$93,256,200 ",3:03,Hinch
2015,KCR,"2,708,549","33,439",29.1,30,104,104,0,7,16,"$121,590,475 ",3:00,Yost
2015,LAA,"3,012,765","37,195",28.7,28.3,94,94,0,3,10,"$131,522,500 ",3:00,Scioscia
2015,LAD,"3,764,815","46,479",29.5,28.1,95,94,0,5,16,"$265,140,429 ",3:03,Mattingly
2015,MIA,"1,752,235","21,633",27.9,27.3,96,97,0,2,12,"$71,231,500 ",2:51,Redmond마ndJennings
2015,MIL,"2,542,558","31,390",28.1,28.4,100,101,0,2,12,"$70,869,500 ",3:01,Roenicke마ndCounsell
2015,MIN,"2,220,054","27,408",28.3,29.1,100,101,0,2,11,"$107,755,000 ",2:57,Molitor
2015,NYM,"2,569,753","31,725",28.6,28.2,97,97,0,1,12,"$98,874,473 ",2:56,Collins
2015,NYY,"3,193,795","39,430",31.4,27.4,101,101,0,3,15,"$214,051,957 ",3:08,Girardi
2015,OAK,"1,768,175","21,829",27.9,27.8,97,97,0,2,12,"$64,016,001 ",3:01,Melvin
2015,PHI,"1,831,080","22,606",28,28.5,97,98,0,1,11,"$103,082,167 ",2:58,Sandberg마ndMackanin
2015,PIT,"2,498,596","30,847",28.2,29.6,99,99,0,4,15,"$104,457,499 ",3:06,Hurdle
2015,SDP,"2,459,752","30,367",27.6,29.1,95,95,0,1,8,"$125,203,700 ",3:01,"Black,Roberts마ndMurphy"
2015,SEA,"2,193,581","27,081",28.6,28.6,95,95,0,2,10,"$130,681,400 ",3:01,McClendon
2015,SFG,"3,375,882","41,678",28.9,31.5,99,98,0,4,13,"$180,018,166 ",3:02,Bochy
2015,STL,"3,520,889","43,468",28.4,28.2,101,100,0,6,14,"$128,241,500 ",2:59,Matheny
2015,TBR,"1,287,054","15,322",28.5,26.7,96,97,0,2,10,"$64,571,233 ",2:59,Cash
2015,TEX,"2,491,875","30,764",28.7,28.1,105,105,0,1,12,"$178,860,789 ",3:04,Banister
2015,TOR,"2,794,891","34,505",29.6,29.2,103,102,0,3,19,"$117,917,400 ",2:53,Gibbons
2015,WSN,"2,619,843","32,344",28.4,28.6,102,101,0,2,15,"$176,496,372 ",2:54,Williams
2016,ARI,"2,036,216","25,138",26.7,26.4,107,107,0,1,12,"$78,399,500 ",3:14,Hale
2016,ATL,"2,020,914","24,950",28.9,26.4,98,99,0,1,12,"$74,999,750 ",3:08,Gonzalez마ndSnitker
2016,BAL,"2,172,344","26,819",28.5,27.9,102,102,0,5,16,"$153,744,833 ",3:00,Showalter
2016,BOS,"2,955,434","36,487",28.5,29,106,106,0,6,16,"$218,682,750 ",3:12,Farrell
2016,CHC,"3,232,420","39,906",27.4,29.9,101,100,0,7,17,"$176,097,333 ",3:05,Maddon
2016,CHW,"1,746,293","21,559",28.3,28.6,96,96,0,2,13,"$113,416,000 ",3:03,Ventura
2016,CIN,"1,894,085","23,384",27.8,27.1,101,102,0,2,9,"$77,329,561 ",3:04,Price
2016,CLE,"1,591,667","19,650",29,28.1,109,107,0,3,13,"$94,511,067 ",3:03,Francona
2016,COL,"2,602,524","32,130",27.8,27.7,116,116,0,2,6,"$89,707,000 ",3:11,Weiss
2016,DET,"2,493,859","31,173",30,29,100,101,0,1,13,"$199,902,000 ",3:05,Ausmus
2016,HOU,"2,306,623","28,477",26.4,28.9,94,93,0,2,11,"$89,498,000 ",3:04,Hinch
2016,KCR,"2,557,712","31,577",28.5,29.9,102,102,0,4,14,"$125,132,675 ",2:59,Yost
2016,LAA,"3,016,142","37,236",28.5,28.4,95,95,0,1,8,"$139,712,000 ",3:04,Scioscia
2016,LAD,"3,703,312","45,720",28.9,28.9,97,96,0,3,17,"$231,342,096 ",3:10,Roberts
2016,MIA,"1,712,417","21,405",28.3,28,93,94,0,4,11,"$72,472,000 ",3:05,Mattingly
2016,MIL,"2,314,614","28,575",27.5,28.1,102,102,0,1,8,"$52,077,500 ",3:08,Counsell
2016,MIN,"1,963,912","24,246",26.9,28.3,100,100,0,1,13,"$93,333,700 ",3:05,Molitor
2016,NYM,"2,789,602","34,440",29.5,28.4,96,96,0,4,12,"$155,221,282 ",3:05,Collins
2016,NYY,"3,063,405","37,820",30.1,27.9,103,102,0,3,19,"$193,229,350 ",3:03,Girardi
2016,OAK,"1,521,506","18,784",28.7,27.9,96,97,0,1,8,"$54,969,067 ",2:56,Melvin
2016,PHI,"1,915,144","23,644",26.9,26.3,99,100,0,1,6,"$84,846,666 ",3:03,Mackanin
2016,PIT,"2,249,201","27,768",28.9,28.6,99,99,0,2,14,"$81,187,933 ",3:11,Hurdle
2016,SDP,"2,351,422","29,030",28.1,28.1,95,95,0,2,11,"$50,656,166 ",3:06,Green
2016,SEA,"2,267,928","27,999",30.5,28.8,96,96,0,1,9,"$137,169,100 ",3:02,Servais
2016,SFG,"3,365,256","41,546",29.1,30,96,96,0,4,15,"$177,021,333 ",3:10,Bochy
2016,STL,"3,444,490","42,525",28.5,28,98,97,0,2,12,"$150,353,500 ",3:01,Matheny
2016,TBR,"1,286,163","15,879",27.7,26.9,95,95,0,1,9,"$48,223,791 ",3:01,Cash
2016,TEX,"2,710,402","33,462",28.4,28.8,107,108,0,2,13,"$212,117,760 ",3:00,Banister
2016,TOR,"3,392,099","41,878",30.1,29.8,102,101,0,5,17,"$182,690,767 ",3:00,Gibbons
2016,WSN,"2,481,938","30,641",28.8,29.1,103,102,0,5,14,"$152,967,400 ",3:08,Baker
2017,ARI,"2,134,375","26,350",28.3,28.7,108,108,0,4,10,"$106,580,200 ",3:09,Lovullo
2017,ATL,"2,505,252","30,929",28.6,29.4,100,100,0,1,12,"$119,705,250 ",3:04,Snitker
2017,BAL,"2,028,424","25,042",28.6,28.2,97,99,0,1,14,"$161,621,633 ",3:09,Showalter
2017,BOS,"2,917,678","36,021",27.3,28.4,105,104,0,3,15,"$200,550,750 ",3:20,Farrell
2017,CHC,"3,199,562","39,501",27.1,30.8,103,101,0,1,16,"$177,210,667 ",3:09,Maddon
2017,CHW,"1,629,470","20,117",26.7,28.7,97,98,0,1,10,"$97,842,000 ",3:10,Renteria
2017,CIN,"1,836,917","22,678",27.2,27.6,101,103,0,2,8,"$79,315,786 ",3:03,Price
2017,CLE,"2,048,138","25,286",28.1,28.9,106,104,0,5,12,"$114,427,167 ",3:06,Francona
2017,COL,"2,953,650","36,465",28.3,27,117,116,0,4,9,"$106,650,000 ",3:11,Black
2017,DET,"2,321,599","28,662",29.6,28.3,101,102,0,2,15,"$118,375,600 ",3:14,Ausmus
2017,HOU,"2,403,671","29,675",28.8,28.5,94,93,0,6,14,"$157,656,400 ",3:10,Hinch
2017,KCR,"2,220,370","27,412",28.9,30.3,101,102,0,3,17,"$127,555,817 ",3:02,Yost
2017,LAA,"3,019,585","37,279",29.9,29.1,97,97,0,1,7,"$181,125,500 ",3:11,Scioscia
2017,LAD,"3,765,856","46,492",27.9,29.7,96,95,0,6,19,"$201,466,263 ",3:11,Roberts
2017,MIA,"1,583,014","20,295",28.3,28.7,90,91,0,2,10,"$111,591,100 ",3:06,Mattingly
2017,MIL,"2,627,705","31,282",27.4,28.3,101,101,0,1,8,"$68,439,300 ",3:10,Counsell
2017,MIN,"2,051,279","25,324",27.1,29.6,100,101,0,3,13,"$103,932,500 ",3:11,Molitor
2017,NYM,"2,460,622","30,378",28.9,27.5,94,95,0,1,11,"$176,615,252 ",3:09,Collins
2017,NYY,"3,154,938","38,950",28.6,27.8,104,103,0,5,16,"$182,424,700 ",3:16,Girardi
2017,OAK,"1,475,721","18,219",28.7,27.9,95,95,0,1,9,"$51,560,000 ",3:09,Melvin
2017,PHI,"1,905,354","23,523",26.6,26.8,98,99,0,1,7,"$86,276,000 ",3:08,Mackanin
2017,PIT,"1,919,447","23,697",28.2,27.1,97,98,0,1,8,"$102,953,333 ",3:07,Hurdle
2017,SDP,"2,138,491","26,401",26.2,27.7,95,97,0,1,7,"$49,248,767 ",3:00,Green
2017,SEA,"2,135,445","26,364",29.6,27.8,95,95,0,2,12,"$172,438,700 ",3:06,Servais
2017,SFG,"3,303,652","40,786",29.5,28.9,98,98,0,1,14,"$177,399,833 ",3:04,Bochy
2017,STL,"3,448,337","42,572",28,28.3,98,97,0,2,15,"$129,652,933 ",3:04,Matheny
2017,TBR,"1,253,619","15,477",28.3,27.6,96,96,0,2,11,"$79,473,033 ",3:13,Cash
2017,TEX,"2,507,760","30,960",28.4,28.8,110,110,0,1,12,"$207,326,274 ",3:13,Banister
2017,TOR,"3,203,886","39,554",31,28.8,101,102,0,2,14,"$158,890,575 ",3:09,Gibbons
2017,WSN,"2,524,980","31,173",29.2,30.1,104,103,0,5,14,"$175,587,301 ",3:09,Baker
2018,RI,"2,242,695","27,688",29.2,29.6,105,104,0,3,11,"$134,850,600 ",3:10,Lovullo
2018,ATL,"2,555,781","31,553",27.4,27.7,101,101,0,4,13,"$115,848,667 ",3:04,Snitker
2018,BAL,"1,564,192","19,311",28.4,27.1,98,100,0,1,11,"$141,555,833 ",3:01,Showalter
2018,BOS,"2,895,575","35,748",27.7,28.9,104,103,0,5,16,"$222,205,000 ",3:13,Cora
2018,CHC,"3,181,089","38,794",27.2,30.2,104,103,0,3,14,"$205,373,881 ",3:09,Maddon
2018,CHW,"1,608,817","19,862",26.5,27.6,98,99,0,1,6,"$75,092,000 ",3:08,Renteria
2018,CIN,"1,629,356","20,116",27.2,27.1,102,103,0,3,8,"$94,587,500 ",3:03,Price마ndRiggleman
2018,CLE,"1,926,701","23,786",29.4,29.4,103,101,0,6,15,"$143,375,233 ",3:03,Francona
2018,COL,"3,015,880","37,233",28.7,27.9,117,117,0,3,9,"$136,658,500 ",3:04,Black
2018,DET,"1,856,970","22,926",27.9,28.6,103,105,0,1,9,"$111,531,000 ",3:00,Gardenhire
2018,HOU,"2,980,549","36,797",28.1,30,99,97,0,6,14,"$172,781,200 ",3:04,Hinch
2018,KCR,"1,665,107","20,557",28.6,27.6,100,101,0,1,6,"$95,199,167 ",2:57,Yost
2018,LAA,"3,020,216","37,287",29.5,27.5,98,98,0,1,7,"$166,849,666 ",3:09,Scioscia
2018,LAD,"3,857,500","47,043",28.1,29.2,98,96,0,3,18,"$164,703,429 ",3:13,Roberts
2018,MIA,"811,104","10,014",27.5,27.6,94,95,0,1,4,"$86,515,143 ",3:02,Mattingly
2018,MIL,"2,850,875","35,196",28.9,28.8,102,101,0,5,14,"$109,295,700 ",3:07,Counsell
2018,MIN,"1,959,197","24,188",28.2,28.5,101,100,0,1,13,"$110,275,000 ",3:10,Molitor
2018,NYM,"2,224,995","27,469",28.4,28,92,92,0,1,17,"$161,403,844 ",3:01,Callaway
2018,NYY,"3,482,855","42,998",27.2,28.8,100,98,0,4,16,"$160,743,032 ",3:11,Boone
2018,OAK,"1,573,616","19,427",28,29.2,97,97,0,2,10,"$69,883,333 ",3:05,Melvin
2018,PHI,"2,158,124","26,644",26.7,26.8,102,102,0,1,8,"$93,874,333 ",3:10,Kapler
2018,PIT,"1,465,316","18,316",27.8,26.5,96,97,0,1,8,"$88,141,000 ",3:04,Hurdle
2018,SDP,"2,168,536","26,772",26.9,27.7,93,95,0,1,6,"$93,821,067 ",3:00,Green
2018,SEA,"2,299,489","28,389",29.8,29,94,95,0,4,13,"$157,090,065 ",2:58,Servais
2018,SFG,"3,156,185","38,965",29.8,28.6,93,94,0,2,14,"$202,060,277 ",3:01,Bochy
2018,STL,"3,403,587","42,020",28.1,26.7,97,96,0,2,12,"$157,713,667 ",3:10,Matheny마ndShildt
2018,TBR,"1,154,973","14,259",27.1,27.1,97,96,0,2,9,"$46,011,667 ",3:01,Cash
2018,TEX,"2,107,107","26,014",27.4,30.4,110,111,0,1,9,"$106,099,628 ",3:04,Banister마ndWakamatsu
2018,TOR,"2,325,281","28,707",29,29.3,98,99,0,1,11,"$151,670,772 ",2:59,Gibbons
2018,WSN,"2,529,604","31,230",27.5,30.2,106,105,0,2,14,"$188,886,699 ",3:07,Martinez
2019,ARI,"2,135,510","26,364",28.7,28.6,101,101,0,2,7,"$124,016,266 ",3:15,Lovullo
2019,ATL,"2,655,100","32,779",28,27.5,105,103,0,3,17,"$133,186,667 ",3:13,Snitker
2019,BAL,"1,307,807","16,146",26.5,27.3,99,102,0,1,3,"$82,696,100 ",3:07,Hyde
2019,BOS,"2,924,627","36,107",27.3,29,105,104,0,3,11,"$218,978,142 ",3:25,Cora
2019,CHC,"3,094,865","38,208",27.7,31.1,102,101,0,3,16,"$217,805,215 ",3:12,Maddon
2019,CHW,"1,649,775","20,622",27.6,27.6,97,99,0,3,8,"$80,846,333 ",3:10,Renteria
2019,CIN,"1,808,685","22,329",27.9,28.2,103,103,0,2,11,"$109,737,499 ",3:03,Bell
2019,CLE,"1,738,642","21,465",27.8,28.3,104,102,0,4,13,"$151,257,783 ",3:03,Francona
2019,COL,"2,993,244","36,954",28.2,27.3,118,118,0,4,8,"$145,348,500 ",3:14,Black
2019,DET,"1,501,430","18,536",27.6,27.8,102,104,0,1,9,"$100,618,500 ",3:01,Gardenhire
2019,HOU,"2,857,367","35,276",28.9,29.9,103,100,0,6,15,"$166,042,500 ",3:05,Hinch
2019,KCR,"1,479,659","18,267",27.6,27.9,101,102,0,1,3,"$98,183,242 ",3:03,Yost
2019,LAA,"3,019,012","37,272",28.8,27,98,98,0,2,8,"$177,345,250 ",3:15,Ausmus
2019,LAD,"3,974,309","49,066",27.9,28.9,96,94,0,5,13,"$193,553,333 ",3:12,Roberts
2019,MIA,"811,302","10,016",28.4,26.5,94,96,0,1,5,"$74,683,643 ",3:05,Mattingly
2019,MIL,"2,923,333","36,091",28.9,28.7,101,101,0,5,11,"$128,842,900 ",3:16,Counsell
2019,MIN,"2,294,152","28,323",27.8,28.2,100,99,0,3,9,"$113,758,333 ",3:14,Baldelli
2019,NYM,"2,442,532","30,155",27.9,28.6,92,92,0,3,16,"$154,837,230 ",3:09,Callaway
2019,NYY,"3,304,404","40,795",28.3,30.2,98,96,0,5,15,"$228,442,421 ",3:11,Boone
2019,OAK,"1,662,211","20,521",27.8,30.8,95,93,0,2,6,"$102,935,833 ",3:07,Melvin
2019,PHI,"2,727,421","33,672",27.6,28.4,102,102,0,1,12,"$141,786,962 ",3:15,Kapler
2019,PIT,"1,491,439","18,413",27.4,27.2,96,97,0,2,7,"$72,915,501 ",3:12,Hurdle마ndPrince
2019,SDP,"2,396,399","29,585",26.1,26.3,95,96,0,1,5,"$90,260,767 ",3:07,Green마ndBarajas
2019,SEA,"1,791,720","22,120",27.8,28.6,93,94,0,1,8,"$126,874,600 ",3:08,Servais
2019,SFG,"2,707,760","33,429",29.9,28.9,94,95,0,1,15,"$175,550,753 ",3:07,Bochy
2019,STL,"3,480,393","42,968",28.8,27.8,98,97,0,1,12,"$161,120,267 ",3:10,Shildt
2019,TBR,"1,178,735","14,552",27.2,27.8,97,96,0,3,6,"$56,071,767 ",3:11,Cash
2019,TEX,"2,132,994","26,333",28.8,28.3,111,112,0,3,9,"$104,433,499 ",3:11,Woodward
2019,TOR,"1,750,144","21,607",25.9,28,97,98,0,1,5,"$64,680,671 ",3:07,Montoyo
2019,WSN,"2,259,781","27,899",28.7,30.8,106,104,0,2,14,"$203,016,595 ",3:12,Martinez
